{
  "control": {
    "KIST": 0,
    "Vanilla": 0
  },
  "Dummy": {
    "max": 0.030457561545187126,
    "min": 0.023428774416618278
  },
  "Jitter": {
    "max": 0.03068799536901222,
    "min": 0.023193637879508334
  },
  "Both": {
    "max": 0.029614596289973105,
    "min": 0.020029065198008542
  }
}