{
  "control": {
    "KIST": 0,
    "Vanilla": 0
  },
  "Dummy": {
    "max": 0.14777187197743094,
    "min": 0.1055902553172805
  },
  "Jitter": {
    "max": 0.14598299023772238,
    "min": 0.10687968977047438
  },
  "Both": {
    "max": 0.14298971095899005,
    "min": 0.04948688376106173
  }
}