{
  "control": {
    "KIST": 0,
    "Vanilla": 0
  },
  "Dummy": {
    "max": 8.070067,
    "min": 5.02233
  },
  "Jitter": {
    "max": 5.1511195,
    "min": 4.972756
  },
  "Both": {
    "max": 8.9316695,
    "min": 5.084383
  }
}