{
  "control": {
    "KIST": 0,
    "Vanilla": 0
  },
  "Dummy": {
    "max": 0.019948,
    "min": 0.011893
  },
  "Jitter": {
    "max": 0.040440500000000004,
    "min": 0.0147575
  },
  "Both": {
    "max": 0.0216485,
    "min": 0.015819
  }
}