{
  "control": {
    "KIST": 0,
    "Vanilla": 0
  },
  "Dummy": {
    "max": 33.0285,
    "min": 27.719
  },
  "Jitter": {
    "max": 40.45399999999999,
    "min": 27.449
  },
  "Both": {
    "max": 37.1805,
    "min": 28.464000000000002
  }
}