{
  "control": {
    "KIST": 0,
    "Vanilla": 0
  },
  "Dummy": {
    "max": 15.188500000000001,
    "min": 12.595
  },
  "Jitter": {
    "max": 25.326500000000003,
    "min": 12.215
  },
  "Both": {
    "max": 17.468,
    "min": 12.9355
  }
}