{
  "control": {
    "KIST": 0,
    "Vanilla": 0
  },
  "Dummy": {
    "max": 0.026460720793415892,
    "min": 0.020548800168445153
  },
  "Jitter": {
    "max": 0.027894035401937217,
    "min": 0.022373515132768317
  },
  "Both": {
    "max": 0.025895170483470686,
    "min": 0.018200431343123782
  }
}