{
  "control": {
    "KIST": 0,
    "Vanilla": 0
  },
  "Dummy": {
    "max": 10.044500000000001,
    "min": 7.976999999999999
  },
  "Jitter": {
    "max": 24.626500000000004,
    "min": 8.647499999999999
  },
  "Both": {
    "max": 11.783999999999999,
    "min": 8.629999999999999
  }
}