{
  "control": {
    "KIST": 0,
    "Vanilla": 0
  },
  "Dummy": {
    "max": 0.7667349999999999,
    "min": 0.15563749999999998
  },
  "Jitter": {
    "max": 0.25591549999999996,
    "min": 0.1512795
  },
  "Both": {
    "max": 0.84413,
    "min": 0.1643395
  }
}